Account Id,Account Name,Phone,Website,Account Owner,Shipping Street,Shipping City,Shipping State,Shipping Code,Shipping Country,Status,Account Type,Industry,Created Time,Tag,Description,Currency,Exchange Rate
,Hulk Earthworks,,https://www.iseekplant.com.au/members/hulk-earthworks,david@fuellox.com.au,,Yandina,QLD,4561,Australia,Pursue,Prospect,Civil,,"excavator-hire,iSeekPlant,pursue",Yandina QLD 4561,,
,Haute Excavations,,https://www.iseekplant.com.au/members/haute-excavations,david@fuellox.com.au,,Caboolture,QLD,4510,Australia,Pursue,Prospect,Civil,,"excavator-hire,iSeekPlant,pursue",Caboolture QLD 4510,,
,Blake Machinery Pty Ltd,,https://www.iseekplant.com.au/members/blake-machinery-pty-ltd,david@fuellox.com.au,,South Townsville,QLD,4810,Australia,Pursue,Prospect,Civil,,"excavator-hire,iSeekPlant,pursue",South Townsville QLD 4810,,
,Master Hire,,https://www.iseekplant.com.au/members/master-hire,david@fuellox.com.au,1 Spencer Street, Harristown,QLD,,Australia,Pursue,Prospect,Civil,,"excavator-hire,iSeekPlant,pursue","1 Spencer Street, Harristown QLD, Australia",,
,JC Hire,,https://www.iseekplant.com.au/members/jc-hire,david@fuellox.com.au,600 Bli Bli Rd, Bli,,,Australia,Pursue,Prospect,Civil,,"excavator-hire,iSeekPlant,pursue",600 Bli Bli Rd,,
,C & S Bond Earthmoving,,https://www.iseekplant.com.au/members/c-s-bond-earthmoving,david@fuellox.com.au,42 Quorn Cl,,,,Australia,Pursue,Prospect,Civil,,"excavator-hire,iSeekPlant,pursue",42 Quorn Cl,,
,Eastside Digger Hire,,https://www.iseekplant.com.au/members/eastside-digger-hire,david@fuellox.com.au,,Kunda Park,QLD,4556,Australia,Pursue,Prospect,Civil,,"excavator-hire,iSeekPlant,pursue",Kunda Park QLD 4556,,
,Udig Equipment,,https://www.iseekplant.com.au/members/udig-equipment,david@fuellox.com.au,18 Owen Creek Rd, Forest Glen,QLD,4556,Australia,Pursue,Prospect,Civil,,"excavator-hire,iSeekPlant,pursue","18 Owen Creek Rd, Forest Glen QLD 4556, Australia",,
,TISCA,,https://www.iseekplant.com.au/members/tisca,david@fuellox.com.au,66 Morrison Rd, Cedar Creek,QLD,,Australia,Pursue,Prospect,Civil,,"excavator-hire,iSeekPlant,pursue","66 Morrison Rd, Cedar Creek QLD, Australia",,
,JAG Contracting Pty Ltd,,https://www.iseekplant.com.au/members/jag-contracting-pty-ltd,david@fuellox.com.au,,Little Mountain,QLD,4551,Australia,Pursue,Prospect,Civil,,"excavator-hire,iSeekPlant,pursue",Little Mountain QLD 4551,,
,Brachs Contracting Pty Ltd,,https://www.iseekplant.com.au/members/brachs-contracting-pty-ltd,david@fuellox.com.au,4 Tullamore Ct, Little Mountain,QLD,4551,Australia,Pursue,Prospect,Civil,,"excavator-hire,iSeekPlant,pursue","4 Tullamore Ct, Little Mountain QLD 4551, Australia",,
,Fraser Earthworks & Co Pty Ltd,,https://www.iseekplant.com.au/members/fraser-earthworks-co-pty-ltd,david@fuellox.com.au,23-25 Sunridge Farm Road, Chevallum,QLD,,Australia,Pursue,Prospect,Civil,,"excavator-hire,iSeekPlant,pursue","23-25 Sunridge Farm Road, Chevallum QLD, Australia",,
,R & R Earthmoving,,https://www.iseekplant.com.au/members/r-r-earthmoving,david@fuellox.com.au,1 Kelly Court, Landsborough,QLD,,Australia,Pursue,Prospect,Civil,,"excavator-hire,iSeekPlant,pursue","1 Kelly Court, Landsborough QLD, Australia",,
,MW Hire,,https://www.iseekplant.com.au/members/mw-hire,david@fuellox.com.au,1 Main Street,,,,Australia,Pursue,Prospect,Civil,,"excavator-hire,iSeekPlant,pursue",1 Main Street,,
,MM&IM,,https://www.iseekplant.com.au/members/mmim,david@fuellox.com.au,,Doonan,QLD,4562,Australia,Pursue,Prospect,Civil,,"excavator-hire,iSeekPlant,pursue",Doonan QLD 4562,,
,A1 Digging Solutions,,https://www.iseekplant.com.au/members/a1-digging-solutions,david@fuellox.com.au,8 Amy Drive, Glass House Mountains,QLD,,Australia,Pursue,Prospect,Civil,,"excavator-hire,iSeekPlant,pursue","8 Amy Drive, Glass House Mountains QLD, Australia",,
,Tareve Plant and Haulage,,https://www.iseekplant.com.au/members/tareve-plant-and-haulage,david@fuellox.com.au,,Cooroy,QLD,4563,Australia,Pursue,Prospect,Civil,,"excavator-hire,iSeekPlant,pursue",Cooroy QLD 4563,,
,Grassroots Earthworks,,https://www.iseekplant.com.au/members/grassroots-earthworks,david@fuellox.com.au,,Tewantin,QLD,4565,Australia,Pursue,Prospect,Civil,,"excavator-hire,iSeekPlant,pursue",Tewantin QLD 4565,,
,RSA Contractors,,https://www.iseekplant.com.au/members/rsa-contractors,david@fuellox.com.au,433 Logan Road, Greenslopes,QLD,,Australia,Pursue,Prospect,Civil,,"excavator-hire,iSeekPlant,pursue","433 Logan Road, Greenslopes QLD, Australia",,
,Tim Byrne Earthmoving,,https://www.iseekplant.com.au/members/tim-byrne-earthmoving,david@fuellox.com.au,28 Bullock Creek Road, Meldale,QLD,,Australia,Pursue,Prospect,Civil,,"excavator-hire,iSeekPlant,pursue","28 Bullock Creek Road, Meldale QLD, Australia",,
,Jack's Bobcat & Excavator,,https://www.iseekplant.com.au/members/jacks-bobcat-excavator,david@fuellox.com.au,14 Bright Court, Caboolture,QLD,,Australia,Pursue,Prospect,Civil,,"excavator-hire,iSeekPlant,pursue","14 Bright Court, Caboolture QLD, Australia",,
,Wombat Equipment Hire,,https://www.iseekplant.com.au/members/wombat-equipment-hire,david@fuellox.com.au,19 Gateway Court, Tinana,QLD,,Australia,Pursue,Prospect,Civil,,"excavator-hire,iSeekPlant,pursue","19 Gateway Court, Tinana QLD, Australia",,
,Flynn Civil Contractors,,https://www.iseekplant.com.au/members/flynn-civil-contractors,david@fuellox.com.au,23 Wilkinson Drive, Tolga,QLD,,Australia,Pursue,Prospect,Civil,,"excavator-hire,iSeekPlant,pursue","23 Wilkinson Drive, Tolga QLD, Australia",,
,South East Agricultural and Landscape Services,,https://www.iseekplant.com.au/members/south-east-agricultural-and-landscape-services,david@fuellox.com.au,228 Reserve Drive, Caboolture,QLD,,Australia,Pursue,Prospect,Civil,,"excavator-hire,iSeekPlant,pursue","228 Reserve Drive, Caboolture QLD, Australia",,
,PSQ Plant,,https://www.iseekplant.com.au/members/psq-plant,david@fuellox.com.au,25 Lynanda Court, Caboolture,QLD,,Australia,Pursue,Prospect,Civil,,"excavator-hire,iSeekPlant,pursue","25 Lynanda Court, Caboolture QLD, Australia",,
,D and M Plant Hire Pty Ltd,,https://www.iseekplant.com.au/members/d-and-m-plant-hire-pty-ltd,david@fuellox.com.au,,Redland Bay,QLD,4165,Australia,Pursue,Prospect,Civil,,"excavator-hire,iSeekPlant,pursue",Redland Bay QLD 4165,,
,Leader Earthworks Pty Ltd,,https://www.iseekplant.com.au/members/leader-earthworks-pty-ltd,david@fuellox.com.au,11 Bellay Road, Beachmere,QLD,,Australia,Pursue,Prospect,Civil,,"excavator-hire,iSeekPlant,pursue","11 Bellay Road, Beachmere QLD, Australia",,
,Bull Hire,,https://www.iseekplant.com.au/members/bull-hire,david@fuellox.com.au,,Traveston,QLD,4570,Australia,Pursue,Prospect,Civil,,"excavator-hire,iSeekPlant,pursue",Traveston QLD 4570,,
,A.K. Torrens,,https://www.iseekplant.com.au/members/ak-torrens,david@fuellox.com.au,13 Condamine Street, Caboolture,QLD,,Australia,Pursue,Prospect,Civil,,"excavator-hire,iSeekPlant,pursue","13 Condamine Street, Caboolture QLD, Australia",,
,BNG Hosking Pty Ltd,,https://www.iseekplant.com.au/members/bng-hosking-pty-ltd-1,david@fuellox.com.au,,Morayfield,QLD,4506,Australia,Pursue,Prospect,Civil,,"excavator-hire,iSeekPlant,pursue",Morayfield QLD 4506,,
